{"cameraMode":{"drawMode":0,"name":"Shaded","section":"Shading Mode"},"sceneLighting":false,"audioPlay":false,"sceneViewState":{"showFog":true,"showMaterialUpdate":false,"showSkybox":true,"showFlares":true,"showImageEffects":true,"showParticleSystems":true},"in2DMode":false,"pivot":{"x":-6.952889442443848,"y":-2.8130249977111818,"z":-11.432472229003907},"rotation":{"x":0.17636612057685853,"y":-0.013291279785335064,"z":0.0023852060548961164,"w":0.9842320680618286},"size":7.054535865783691,"orthographic":false}